Symbol,Exchange
AACB,NASDAQ
AACG,NASDAQ
AACI,NASDAQ
AAL,NASDAQ
AAME,NASDAQ
AAOI,NASDAQ
AAON,NASDAQ
AAPG,NASDAQ
AAPL,NASDAQ
AARD,NASDAQ
ABAT,NASDAQ
ABCL,NASDAQ
ABEO,NASDAQ
ABL,NASDAQ
ABLV,NASDAQ
ABNB,NASDAQ
ABOS,NASDAQ
ABP,NASDAQ
ABSI,NASDAQ
ABTS,NASDAQ
ABUS,NASDAQ
ABVC,NASDAQ
ABVE,NASDAQ
ABVX,NASDAQ
ACAD,NASDAQ
ACB,NASDAQ
ACDC,NASDAQ
ACET,NASDAQ
ACFN,NASDAQ
ACGL,NASDAQ
ACHC,NASDAQ
ACHV,NASDAQ
ACIC,NASDAQ
ACIU,NASDAQ
ACIW,NASDAQ
ACLS,NASDAQ
ACLX,NASDAQ
ACMR,NASDAQ
ACNB,NASDAQ
ACNT,NASDAQ
ACOG,NASDAQ
ACON,NASDAQ
ACRS,NASDAQ
ACRV,NASDAQ
ACT,NASDAQ
ACTG,NASDAQ
ACTU,NASDAQ
ACXP,NASDAQ
ADAG,NASDAQ
ADAP,NASDAQ
ADBE,NASDAQ
ADEA,NASDAQ
ADGM,NASDAQ
ADI,NASDAQ
ADIL,NASDAQ
ADMA,NASDAQ
ADN,NASDAQ
ADP,NASDAQ
ADPT,NASDAQ
ADSE,NASDAQ
ADSK,NASDAQ
ADTN,NASDAQ
ADTX,NASDAQ
ADUR,NASDAQ
ADUS,NASDAQ
ADV,NASDAQ
ADVB,NASDAQ
ADVM,NASDAQ
ADXN,NASDAQ
AEBI,NASDAQ
AEHL,NASDAQ
AEHR,NASDAQ
AEI,NASDAQ
AEIS,NASDAQ
AEMD,NASDAQ
AENT,NASDAQ
AEP,NASDAQ
AERT,NASDAQ
AEVA,NASDAQ
AEYE,NASDAQ
AFBI,NASDAQ
AFCG,NASDAQ
AFJK,NASDAQ
AFRI,NASDAQ
AFRM,NASDAQ
AFYA,NASDAQ
AGAE,NASDAQ
AGEN,NASDAQ
AGFY,NASDAQ
AGH,NASDAQ
AGIO,NASDAQ
AGMH,NASDAQ
AGNC,NASDAQ
AGNCM,NASDAQ
AGRI,NASDAQ
AGYS,NASDAQ
AHCO,NASDAQ
AHG,NASDAQ
AIFF,NASDAQ
AIFU,NASDAQ
AIHS,NASDAQ
AIIO,NASDAQ
AIMD,NASDAQ
AIOT,NASDAQ
AIP,NASDAQ
AIRE,NASDAQ
AIRG,NASDAQ
AIRJ,NASDAQ
AIRO,NASDAQ
AIRS,NASDAQ
AIRT,NASDAQ
AISP,NASDAQ
AIXI,NASDAQ
AKAM,NASDAQ
AKAN,NASDAQ
AKBA,NASDAQ
AKRO,NASDAQ
AKTX,NASDAQ
ALAB,NASDAQ
ALAR,NASDAQ
ALBT,NASDAQ
ALCO,NASDAQ
ALCY,NASDAQ
ALDF,NASDAQ
ALDX,NASDAQ
ALEC,NASDAQ
ALF,NASDAQ
ALGM,NASDAQ
ALGN,NASDAQ
ALGS,NASDAQ
ALGT,NASDAQ
ALHC,NASDAQ
ALKS,NASDAQ
ALKT,NASDAQ
ALLO,NASDAQ
ALLR,NASDAQ
ALLT,NASDAQ
ALM,NASDAQ
ALMS,NASDAQ
ALMU,NASDAQ
ALNT,NASDAQ
ALNY,NASDAQ
ALOT,NASDAQ
ALRM,NASDAQ
ALRS,NASDAQ
ALT,NASDAQ
ALTI,NASDAQ
ALTO,NASDAQ
ALTS,NASDAQ
ALVO,NASDAQ
ALXO,NASDAQ
ALZN,NASDAQ
AMAL,NASDAQ
AMAT,NASDAQ
AMBA,NASDAQ
AMBR,NASDAQ
AMCX,NASDAQ
AMD,NASDAQ
AMGN,NASDAQ
AMIX,NASDAQ
AMKR,NASDAQ
AMLX,NASDAQ
AMOD,NASDAQ
AMPG,NASDAQ
AMPH,NASDAQ
AMPL,NASDAQ
AMRK,NASDAQ
AMRN,NASDAQ
AMRX,NASDAQ
AMSC,NASDAQ
AMSF,NASDAQ
AMST,NASDAQ
AMTX,NASDAQ
AMWD,NASDAQ
AMZN,NASDAQ
ANAB,NASDAQ
ANDE,NASDAQ
ANEB,NASDAQ
ANGH,NASDAQ
ANGI,NASDAQ
ANGO,NASDAQ
ANIK,NASDAQ
ANIP,NASDAQ
ANIX,NASDAQ
ANL,NASDAQ
ANNA,NASDAQ
ANNX,NASDAQ
ANPA,NASDAQ
ANSC,NASDAQ
ANTA,NASDAQ
ANTE,NASDAQ
ANTX,NASDAQ
ANY,NASDAQ
AOSL,NASDAQ
AOUT,NASDAQ
APA,NASDAQ
APAD,NASDAQ
APDN,NASDAQ
APEI,NASDAQ
APGE,NASDAQ
API,NASDAQ
APLD,NASDAQ
APLM,NASDAQ
APLS,NASDAQ
APLT,NASDAQ
APM,NASDAQ
APOG,NASDAQ
APP,NASDAQ
APPF,NASDAQ
APPN,NASDAQ
APPS,NASDAQ
APRE,NASDAQ
APVO,NASDAQ
APWC,NASDAQ
APYX,NASDAQ
AQB,NASDAQ
AQMS,NASDAQ
AQST,NASDAQ
ARAI,NASDAQ
ARAY,NASDAQ
ARBB,NASDAQ
ARBE,NASDAQ
ARBK,NASDAQ
ARCB,NASDAQ
ARCC,NASDAQ
ARCT,NASDAQ
ARDX,NASDAQ
AREB,NASDAQ
AREC,NASDAQ
ARGX,NASDAQ
ARHS,NASDAQ
ARKO,NASDAQ
ARKR,NASDAQ
ARLP,NASDAQ
ARM,NASDAQ
AROW,NASDAQ
ARQ,NASDAQ
ARQQ,NASDAQ
ARQT,NASDAQ
ARRY,NASDAQ
ARTL,NASDAQ
ARTNA,NASDAQ
ARTV,NASDAQ
ARTW,NASDAQ
ARVN,NASDAQ
ARWR,NASDAQ
ASBP,NASDAQ
ASLE,NASDAQ
ASMB,NASDAQ
ASML,NASDAQ
ASND,NASDAQ
ASNS,NASDAQ
ASO,NASDAQ
ASPC,NASDAQ
ASPI,NASDAQ
ASPS,NASDAQ
ASRT,NASDAQ
ASRV,NASDAQ
ASST,NASDAQ
ASTC,NASDAQ
ASTE,NASDAQ
ASTH,NASDAQ
ASTI,NASDAQ
ASTL,NASDAQ
ASTS,NASDAQ
ASUR,NASDAQ
ASYS,NASDAQ
ATAI,NASDAQ
ATAT,NASDAQ
ATEC,NASDAQ
ATER,NASDAQ
ATEX,NASDAQ
ATGL,NASDAQ
ATHA,NASDAQ
ATHE,NASDAQ
ATHR,NASDAQ
ATII,NASDAQ
ATLC,NASDAQ
ATLN,NASDAQ
ATLO,NASDAQ
ATLX,NASDAQ
ATMC,NASDAQ
ATMV,NASDAQ
ATNI,NASDAQ
ATOM,NASDAQ
ATOS,NASDAQ
ATPC,NASDAQ
ATRA,NASDAQ
ATRC,NASDAQ
ATRO,NASDAQ
ATXG,NASDAQ
ATXS,NASDAQ
ATYR,NASDAQ
AUBN,NASDAQ
AUDC,NASDAQ
AUGO,NASDAQ
AUID,NASDAQ
AUPH,NASDAQ
AUR,NASDAQ
AURA,NASDAQ
AUTL,NASDAQ
AUUD,NASDAQ
AVAH,NASDAQ
AVAV,NASDAQ
AVBH,NASDAQ
AVBP,NASDAQ
AVDL,NASDAQ
AVGO,NASDAQ
AVIR,NASDAQ
AVNW,NASDAQ
AVO,NASDAQ
AVPT,NASDAQ
AVR,NASDAQ
AVT,NASDAQ
AVTX,NASDAQ
AVXL,NASDAQ
AWRE,NASDAQ
AXGN,NASDAQ
AXIN,NASDAQ
AXON,NASDAQ
AXSM,NASDAQ
AXTI,NASDAQ
AYTU,NASDAQ
AZ,NASDAQ
AZI,NASDAQ
AZN,NASDAQ
AZTA,NASDAQ
BACC,NASDAQ
BACQ,NASDAQ
BAER,NASDAQ
BAFN,NASDAQ
BAND,NASDAQ
BANF,NASDAQ
BANL,NASDAQ
BANR,NASDAQ
BAOS,NASDAQ
BASE,NASDAQ
BATRA,NASDAQ
BATRK,NASDAQ
BAYA,NASDAQ
BBCP,NASDAQ
BBGI,NASDAQ
BBIO,NASDAQ
BBLG,NASDAQ
BBNX,NASDAQ
BBOT,NASDAQ
BBSI,NASDAQ
BCAB,NASDAQ
BCAL,NASDAQ
BCAR,NASDAQ
BCAX,NASDAQ
BCBP,NASDAQ
BCDA,NASDAQ
BCG,NASDAQ
BCIC,NASDAQ
BCML,NASDAQ
BCPC,NASDAQ
BCRX,NASDAQ
BCTX,NASDAQ
BCYC,NASDAQ
BDMD,NASDAQ
BDRX,NASDAQ
BDSX,NASDAQ
BDTX,NASDAQ
BEAG,NASDAQ
BEAM,NASDAQ
BEAT,NASDAQ
BEEM,NASDAQ
BEEP,NASDAQ
BELFA,NASDAQ
BELFB,NASDAQ
BENF,NASDAQ
BETR,NASDAQ
BFC,NASDAQ
BFIN,NASDAQ
BFRG,NASDAQ
BFRI,NASDAQ
BFST,NASDAQ
BGC,NASDAQ
BGFV,NASDAQ
BGL,NASDAQ
BGLC,NASDAQ
BGM,NASDAQ
BHAT,NASDAQ
BHF,NASDAQ
BHRB,NASDAQ
BHST,NASDAQ
BIAF,NASDAQ
BIDU,NASDAQ
BIIB,NASDAQ
BILI,NASDAQ
BINI,NASDAQ
BIOA,NASDAQ
BIOX,NASDAQ
BIRD,NASDAQ
BITF,NASDAQ
BIVI,NASDAQ
BIYA,NASDAQ
BJDX,NASDAQ
BJRI,NASDAQ
BKHA,NASDAQ
BKNG,NASDAQ
BKR,NASDAQ
BKYI,NASDAQ
BL,NASDAQ
BLBD,NASDAQ
BLBX,NASDAQ
BLDP,NASDAQ
BLFS,NASDAQ
BLFY,NASDAQ
BLIN,NASDAQ
BLIV,NASDAQ
BLKB,NASDAQ
BLMN,NASDAQ
BLMZ,NASDAQ
BLNE,NASDAQ
BLNK,NASDAQ
BLRX,NASDAQ
BLTE,NASDAQ
BLUW,NASDAQ
BLZE,NASDAQ
BMBL,NASDAQ
BMEA,NASDAQ
BMGL,NASDAQ
BMHL,NASDAQ
BMR,NASDAQ
BMRA,NASDAQ
BMRC,NASDAQ
BMRN,NASDAQ
BNAI,NASDAQ
BNC,NASDAQ
BNGO,NASDAQ
BNR,NASDAQ
BNRG,NASDAQ
BNTC,NASDAQ
BNTX,NASDAQ
BNZI,NASDAQ
BOF,NASDAQ
BOKF,NASDAQ
BOLD,NASDAQ
BOLT,NASDAQ
BON,NASDAQ
BOOM,NASDAQ
BOSC,NASDAQ
BOTJ,NASDAQ
BOWN,NASDAQ
BOXL,NASDAQ
BPOP,NASDAQ
BPRN,NASDAQ
BRAG,NASDAQ
BREA,NASDAQ
BRFH,NASDAQ
BRID,NASDAQ
BRKL,NASDAQ
BRKR,NASDAQ
BRLS,NASDAQ
BRLT,NASDAQ
BRNS,NASDAQ
BRR,NASDAQ
BRTX,NASDAQ
BRY,NASDAQ
BRZE,NASDAQ
BSAA,NASDAQ
BSBK,NASDAQ
BSET,NASDAQ
BSGM,NASDAQ
BSLK,NASDAQ
BSRR,NASDAQ
BSVN,NASDAQ
BSY,NASDAQ
BTAI,NASDAQ
BTBD,NASDAQ
BTBT,NASDAQ
BTCS,NASDAQ
BTCT,NASDAQ
BTDR,NASDAQ
BTM,NASDAQ
BTMD,NASDAQ
BTOC,NASDAQ
BTOG,NASDAQ
BTSG,NASDAQ
BULL,NASDAQ
BUSE,NASDAQ
BUUU,NASDAQ
BVFL,NASDAQ
BVS,NASDAQ
BWAY,NASDAQ
BWB,NASDAQ
BWEN,NASDAQ
BWFG,NASDAQ
BWIN,NASDAQ
BWMN,NASDAQ
BYFC,NASDAQ
BYND,NASDAQ
BYRN,NASDAQ
BYSI,NASDAQ
BZ,NASDAQ
BZAI,NASDAQ
BZFD,NASDAQ
BZUN,NASDAQ
CAAS,NASDAQ
CABA,NASDAQ
CAC,NASDAQ
CACC,NASDAQ
CADL,NASDAQ
CAEP,NASDAQ
CAI,NASDAQ
CAKE,NASDAQ
CALC,NASDAQ
CALM,NASDAQ
CAMP,NASDAQ
CAMT,NASDAQ
CAN,NASDAQ
CAPN,NASDAQ
CAPR,NASDAQ
CAPS,NASDAQ
CAPT,NASDAQ
CAR,NASDAQ
CARE,NASDAQ
CARG,NASDAQ
CARL,NASDAQ
CARM,NASDAQ
CART,NASDAQ
CARV,NASDAQ
CASH,NASDAQ
CASI,NASDAQ
CASK,NASDAQ
CASS,NASDAQ
CASY,NASDAQ
CATY,NASDAQ
CBAT,NASDAQ
CBFV,NASDAQ
CBIO,NASDAQ
CBLL,NASDAQ
CBNK,NASDAQ
CBRL,NASDAQ
CBSH,NASDAQ
CBUS,NASDAQ
CCAP,NASDAQ
CCB,NASDAQ
CCBG,NASDAQ
CCCC,NASDAQ
CCCS,NASDAQ
CCCX,NASDAQ
CCEC,NASDAQ
CCEP,NASDAQ
CCG,NASDAQ
CCII,NASDAQ
CCIX,NASDAQ
CCLD,NASDAQ
CCNE,NASDAQ
CCOI,NASDAQ
CCRN,NASDAQ
CCSI,NASDAQ
CCTG,NASDAQ
CDIO,NASDAQ
CDLX,NASDAQ
CDNA,NASDAQ
CDNS,NASDAQ
CDRO,NASDAQ
CDT,NASDAQ
CDTG,NASDAQ
CDTX,NASDAQ
CDW,NASDAQ
CDXS,NASDAQ
CDZI,NASDAQ
CECO,NASDAQ
CEG,NASDAQ
CELC,NASDAQ
CELH,NASDAQ
CELU,NASDAQ
CELZ,NASDAQ
CENN,NASDAQ
CENT,NASDAQ
CENTA,NASDAQ
CENX,NASDAQ
CEP,NASDAQ
CEPF,NASDAQ
CEPO,NASDAQ
CEPT,NASDAQ
CERO,NASDAQ
CERS,NASDAQ
CERT,NASDAQ
CETX,NASDAQ
CETY,NASDAQ
CEVA,NASDAQ
CFBK,NASDAQ
CFFI,NASDAQ
CFFN,NASDAQ
CFLT,NASDAQ
CFSB,NASDAQ
CG,NASDAQ
CGBD,NASDAQ
CGC,NASDAQ
CGCT,NASDAQ
CGEM,NASDAQ
CGEN,NASDAQ
CGNT,NASDAQ
CGNX,NASDAQ
CGON,NASDAQ
CGTL,NASDAQ
CGTX,NASDAQ
CHA,NASDAQ
CHAC,NASDAQ
CHAR,NASDAQ
CHCI,NASDAQ
CHCO,NASDAQ
CHDN,NASDAQ
CHEF,NASDAQ
CHEK,NASDAQ
CHKP,NASDAQ
CHMG,NASDAQ
CHNR,NASDAQ
CHPG,NASDAQ
CHR,NASDAQ
CHRD,NASDAQ
CHRS,NASDAQ
CHRW,NASDAQ
CHSN,NASDAQ
CHTR,NASDAQ
CHYM,NASDAQ
CIFR,NASDAQ
CIGI,NASDAQ
CIGL,NASDAQ
CIIT,NASDAQ
CINF,NASDAQ
CING,NASDAQ
CISO,NASDAQ
CISS,NASDAQ
CIVB,NASDAQ
CJET,NASDAQ
CJMB,NASDAQ
CLAR,NASDAQ
CLBK,NASDAQ
CLBT,NASDAQ
CLDX,NASDAQ
CLFD,NASDAQ
CLGN,NASDAQ
CLIK,NASDAQ
CLIR,NASDAQ
CLLS,NASDAQ
CLMB,NASDAQ
CLMT,NASDAQ
CLNE,NASDAQ
CLNN,NASDAQ
CLOV,NASDAQ
CLPS,NASDAQ
CLPT,NASDAQ
CLRB,NASDAQ
CLRO,NASDAQ
CLSD,NASDAQ
CLSK,NASDAQ
CLST,NASDAQ
CLWT,NASDAQ
CLYM,NASDAQ
CMBM,NASDAQ
CMCO,NASDAQ
CMCSA,NASDAQ
CMCT,NASDAQ
CME,NASDAQ
CMMB,NASDAQ
CMND,NASDAQ
CMPO,NASDAQ
CMPR,NASDAQ
CMPS,NASDAQ
CMPX,NASDAQ
CMRC,NASDAQ
CMTL,NASDAQ
CNCK,NASDAQ
CNDT,NASDAQ
CNET,NASDAQ
CNEY,NASDAQ
CNFR,NASDAQ
CNOB,NASDAQ
CNSP,NASDAQ
CNTA,NASDAQ
CNTB,NASDAQ
CNTX,NASDAQ
CNTY,NASDAQ
CNVS,NASDAQ
CNXC,NASDAQ
CNXN,NASDAQ
COCH,NASDAQ
COCO,NASDAQ
COCP,NASDAQ
CODA,NASDAQ
CODX,NASDAQ
COEP,NASDAQ
COFS,NASDAQ
COGT,NASDAQ
COHU,NASDAQ
COIN,NASDAQ
COKE,NASDAQ
COLA,NASDAQ
COLB,NASDAQ
COLL,NASDAQ
COLM,NASDAQ
COMM,NASDAQ
COO,NASDAQ
COOP,NASDAQ
COOT,NASDAQ
CORT,NASDAQ
CORZ,NASDAQ
COSM,NASDAQ
COST,NASDAQ
COYA,NASDAQ
CPB,NASDAQ
CPBI,NASDAQ
CPHC,NASDAQ
CPIX,NASDAQ
CPOP,NASDAQ
CPRT,NASDAQ
CPRX,NASDAQ
CPSH,NASDAQ
CPSS,NASDAQ
CRAC,NASDAQ
CRAI,NASDAQ
CRAQ,NASDAQ
CRBP,NASDAQ
CRBU,NASDAQ
CRCT,NASDAQ
CRDF,NASDAQ
CRDL,NASDAQ
CRDO,NASDAQ
CRE,NASDAQ
CREG,NASDAQ
CRESY,NASDAQ
CREV,NASDAQ
CREX,NASDAQ
CRGO,NASDAQ
CRIS,NASDAQ
CRMD,NASDAQ
CRML,NASDAQ
CRMT,NASDAQ
CRNC,NASDAQ
CRNT,NASDAQ
CRNX,NASDAQ
CRON,NASDAQ
CROX,NASDAQ
CRSP,NASDAQ
CRSR,NASDAQ
CRTO,NASDAQ
CRUS,NASDAQ
CRVL,NASDAQ
CRVO,NASDAQ
CRVS,NASDAQ
CRWD,NASDAQ
CRWS,NASDAQ
CRWV,NASDAQ
CSBR,NASDAQ
CSCI,NASDAQ
CSCO,NASDAQ
CSGP,NASDAQ
CSGS,NASDAQ
CSIQ,NASDAQ
CSPI,NASDAQ
CSTE,NASDAQ
CSTL,NASDAQ
CSWC,NASDAQ
CSX,NASDAQ
CTAS,NASDAQ
CTBI,NASDAQ
CTKB,NASDAQ
CTLP,NASDAQ
CTMX,NASDAQ
CTNM,NASDAQ
CTNT,NASDAQ
CTOR,NASDAQ
CTRM,NASDAQ
CTRN,NASDAQ
CTSH,NASDAQ
CTSO,NASDAQ
CTW,NASDAQ
CTXR,NASDAQ
CUB,NASDAQ
CUE,NASDAQ
CUPR,NASDAQ
CURI,NASDAQ
CURR,NASDAQ
CURX,NASDAQ
CV,NASDAQ
CVAC,NASDAQ
CVBF,NASDAQ
CVCO,NASDAQ
CVGI,NASDAQ
CVGW,NASDAQ
CVKD,NASDAQ
CVLT,NASDAQ
CVRX,NASDAQ
CVV,NASDAQ
CWBC,NASDAQ
CWCO,NASDAQ
CWD,NASDAQ
CWST,NASDAQ
CXAI,NASDAQ
CXDO,NASDAQ
CYBR,NASDAQ
CYCC,NASDAQ
CYCN,NASDAQ
CYCU,NASDAQ
CYN,NASDAQ
CYRX,NASDAQ
CYTK,NASDAQ
CZFS,NASDAQ
CZNC,NASDAQ
CZR,NASDAQ
CZWI,NASDAQ
DAAQ,NASDAQ
DAIC,NASDAQ
DAIO,NASDAQ
DAKT,NASDAQ
DALN,NASDAQ
DARE,NASDAQ
DASH,NASDAQ
DAVE,NASDAQ
DAWN,NASDAQ
DBVT,NASDAQ
DBX,NASDAQ
DCBO,NASDAQ
DCGO,NASDAQ
DCOM,NASDAQ
DCTH,NASDAQ
DDI,NASDAQ
DDOG,NASDAQ
DEFT,NASDAQ
DENN,NASDAQ
DERM,NASDAQ
DFDV,NASDAQ
DFLI,NASDAQ
DGICA,NASDAQ
DGICB,NASDAQ
DGII,NASDAQ
DGLY,NASDAQ
DGNX,NASDAQ
DGXX,NASDAQ
DH,NASDAQ
DHAI,NASDAQ
DHC,NASDAQ
DHIL,NASDAQ
DIBS,NASDAQ
DIOD,NASDAQ
DJCO,NASDAQ
DJT,NASDAQ
DKI,NASDAQ
DKNG,NASDAQ
DLHC,NASDAQ
DLO,NASDAQ
DLPN,NASDAQ
DLTH,NASDAQ
DLTR,NASDAQ
DLXY,NASDAQ
DMAA,NASDAQ
DMAC,NASDAQ
DMLP,NASDAQ
DMRC,NASDAQ
DNLI,NASDAQ
DNTH,NASDAQ
DNUT,NASDAQ
DOCU,NASDAQ
DOGZ,NASDAQ
DOMH,NASDAQ
DOMO,NASDAQ
DOOO,NASDAQ
DORM,NASDAQ
DOX,NASDAQ
DOYU,NASDAQ
DPRO,NASDAQ
DPZ,NASDAQ
DRCT,NASDAQ
DRDB,NASDAQ
DRIO,NASDAQ
DRMA,NASDAQ
DRRX,NASDAQ
DRS,NASDAQ
DRTS,NASDAQ
DRUG,NASDAQ
DRVN,NASDAQ
DSGN,NASDAQ
DSGR,NASDAQ
DSGX,NASDAQ
DSP,NASDAQ
DSWL,NASDAQ
DSY,NASDAQ
DTI,NASDAQ
DTIL,NASDAQ
DTSQ,NASDAQ
DTSS,NASDAQ
DTST,NASDAQ
DUO,NASDAQ
DUOL,NASDAQ
DUOT,NASDAQ
DVAX,NASDAQ
DVLT,NASDAQ
DWSN,NASDAQ
DWTX,NASDAQ
DXCM,NASDAQ
DXLG,NASDAQ
DXPE,NASDAQ
DXR,NASDAQ
DXST,NASDAQ
DYAI,NASDAQ
DYCQ,NASDAQ
DYN,NASDAQ
EA,NASDAQ
EBAY,NASDAQ
EBC,NASDAQ
EBMT,NASDAQ
EBON,NASDAQ
ECBK,NASDAQ
ECDA,NASDAQ
ECOR,NASDAQ
ECPG,NASDAQ
ECX,NASDAQ
EDAP,NASDAQ
EDBL,NASDAQ
EDHL,NASDAQ
EDIT,NASDAQ
EDRY,NASDAQ
EDSA,NASDAQ
EDTK,NASDAQ
EDUC,NASDAQ
EEFT,NASDAQ
EEIQ,NASDAQ
EFOI,NASDAQ
EFSC,NASDAQ
EFSI,NASDAQ
EFTY,NASDAQ
EGAN,NASDAQ
EGBN,NASDAQ
EGHA,NASDAQ
EGHT,NASDAQ
EH,NASDAQ
EHGO,NASDAQ
EHLD,NASDAQ
EHTH,NASDAQ
EJH,NASDAQ
EKSO,NASDAQ
ELAB,NASDAQ
ELBM,NASDAQ
ELDN,NASDAQ
ELOG,NASDAQ
ELPW,NASDAQ
ELSE,NASDAQ
ELTK,NASDAQ
ELTX,NASDAQ
ELUT,NASDAQ
ELVA,NASDAQ
ELVN,NASDAQ
ELWS,NASDAQ
EM,NASDAQ
EMBC,NASDAQ
EML,NASDAQ
EMPD,NASDAQ
EMPG,NASDAQ
ENGN,NASDAQ
ENGS,NASDAQ
ENLT,NASDAQ
ENLV,NASDAQ
ENPH,NASDAQ
ENSC,NASDAQ
ENSG,NASDAQ
ENTA,NASDAQ
ENTG,NASDAQ
ENTO,NASDAQ
ENTX,NASDAQ
ENVB,NASDAQ
ENVX,NASDAQ
EOLS,NASDAQ
EOSE,NASDAQ
EPIX,NASDAQ
EPOW,NASDAQ
EPRX,NASDAQ
EPSM,NASDAQ
EPSN,NASDAQ
EPWK,NASDAQ
EQ,NASDAQ
EQIX,NASDAQ
ERAS,NASDAQ
ERIC,NASDAQ
ERIE,NASDAQ
ERII,NASDAQ
ERNA,NASDAQ
ESCA,NASDAQ
ESEA,NASDAQ
ESGL,NASDAQ
ESHA,NASDAQ
ESLA,NASDAQ
ESLT,NASDAQ
ESOA,NASDAQ
ESPR,NASDAQ
ESQ,NASDAQ
ESTA,NASDAQ
ETHM,NASDAQ
ETHZ,NASDAQ
ETNB,NASDAQ
ETON,NASDAQ
ETOR,NASDAQ
ETS,NASDAQ
ETSY,NASDAQ
EU,NASDAQ
EUDA,NASDAQ
EURK,NASDAQ
EVAX,NASDAQ
EVCM,NASDAQ
EVER,NASDAQ
EVGN,NASDAQ
EVGO,NASDAQ
EVLV,NASDAQ
EVO,NASDAQ
EVOK,NASDAQ
EVRG,NASDAQ
EVTV,NASDAQ
EWBC,NASDAQ
EWCZ,NASDAQ
EWTX,NASDAQ
EXAS,NASDAQ
EXC,NASDAQ
EXE,NASDAQ
EXEL,NASDAQ
EXFY,NASDAQ
EXLS,NASDAQ
EXOZ,NASDAQ
EXPE,NASDAQ
EXPI,NASDAQ
EXPO,NASDAQ
EXTR,NASDAQ
EYE,NASDAQ
EYPT,NASDAQ
EZGO,NASDAQ
EZPW,NASDAQ
FA,NASDAQ
FAAS,NASDAQ
FACT,NASDAQ
FAMI,NASDAQ
FANG,NASDAQ
FARM,NASDAQ
FAST,NASDAQ
FAT,NASDAQ
FATBB,NASDAQ
FATE,NASDAQ
FATN,NASDAQ
FBGL,NASDAQ
FBIO,NASDAQ
FBIZ,NASDAQ
FBLA,NASDAQ
FBLG,NASDAQ
FBNC,NASDAQ
FBRX,NASDAQ
FBYD,NASDAQ
FCAP,NASDAQ
FCBC,NASDAQ
FCCO,NASDAQ
FCEL,NASDAQ
FCFS,NASDAQ
FCNCA,NASDAQ
FCNCO,NASDAQ
FCUV,NASDAQ
FDBC,NASDAQ
FDMT,NASDAQ
FDSB,NASDAQ
FDUS,NASDAQ
FEAM,NASDAQ
FEBO,NASDAQ
FEIM,NASDAQ
FELE,NASDAQ
FEMY,NASDAQ
FENC,NASDAQ
FER,NASDAQ
FERA,NASDAQ
FFAI,NASDAQ
FFBC,NASDAQ
FFIC,NASDAQ
FFIN,NASDAQ
FFIV,NASDAQ
FFWM,NASDAQ
FGBI,NASDAQ
FGEN,NASDAQ
FGI,NASDAQ
FGL,NASDAQ
FGMC,NASDAQ
FGNX,NASDAQ
FHB,NASDAQ
FHTX,NASDAQ
FIBK,NASDAQ
FIGX,NASDAQ
FINW,NASDAQ
FIP,NASDAQ
FISI,NASDAQ
FITB,NASDAQ
FIVE,NASDAQ
FIVN,NASDAQ
FIZZ,NASDAQ
FKWL,NASDAQ
FLD,NASDAQ
FLEX,NASDAQ
FLGC,NASDAQ
FLGT,NASDAQ
FLL,NASDAQ
FLNC,NASDAQ
FLNT,NASDAQ
FLUX,NASDAQ
FLWS,NASDAQ
FLX,NASDAQ
FLXS,NASDAQ
FLY,NASDAQ
FLYE,NASDAQ
FLYW,NASDAQ
FMAO,NASDAQ
FMBH,NASDAQ
FMFC,NASDAQ
FMNB,NASDAQ
FMST,NASDAQ
FNGR,NASDAQ
FNKO,NASDAQ
FNLC,NASDAQ
FNWB,NASDAQ
FNWD,NASDAQ
FOLD,NASDAQ
FONR,NASDAQ
FORA,NASDAQ
FORD,NASDAQ
FORL,NASDAQ
FORM,NASDAQ
FORR,NASDAQ
FORTY,NASDAQ
FOSL,NASDAQ
FOX,NASDAQ
FOXA,NASDAQ
FOXF,NASDAQ
FOXX,NASDAQ
FPAY,NASDAQ
FRAF,NASDAQ
FRBA,NASDAQ
FRD,NASDAQ
FRGT,NASDAQ
FRHC,NASDAQ
FRME,NASDAQ
FROG,NASDAQ
FRPH,NASDAQ
FRPT,NASDAQ
FRSH,NASDAQ
FRST,NASDAQ
FRSX,NASDAQ
FSBC,NASDAQ
FSBW,NASDAQ
FSEA,NASDAQ
FSFG,NASDAQ
FSHP,NASDAQ
FSLR,NASDAQ
FSTR,NASDAQ
FSUN,NASDAQ
FSV,NASDAQ
FTAI,NASDAQ
FTCI,NASDAQ
FTDR,NASDAQ
FTEK,NASDAQ
FTEL,NASDAQ
FTFT,NASDAQ
FTHM,NASDAQ
FTLF,NASDAQ
FTNT,NASDAQ
FTRE,NASDAQ
FTRK,NASDAQ
FUFU,NASDAQ
FULC,NASDAQ
FULT,NASDAQ
FUNC,NASDAQ
FUSB,NASDAQ
FUTU,NASDAQ
FVCB,NASDAQ
FVN,NASDAQ
FWONA,NASDAQ
FWONK,NASDAQ
FWRD,NASDAQ
FWRG,NASDAQ
FXNC,NASDAQ
FYBR,NASDAQ
GABC,NASDAQ
GAIA,NASDAQ
GAIN,NASDAQ
GALT,NASDAQ
GAMB,NASDAQ
GAME,NASDAQ
GANX,NASDAQ
GASS,NASDAQ
GAUZ,NASDAQ
GBDC,NASDAQ
GBFH,NASDAQ
GBIO,NASDAQ
GCBC,NASDAQ
GCL,NASDAQ
GCMG,NASDAQ
GCT,NASDAQ
GCTK,NASDAQ
GDC,NASDAQ
GDEN,NASDAQ
GDEV,NASDAQ
GDHG,NASDAQ
GDRX,NASDAQ
GDS,NASDAQ
GDTC,NASDAQ
GDYN,NASDAQ
GECC,NASDAQ
GEG,NASDAQ
GEHC,NASDAQ
GELS,NASDAQ
GEN,NASDAQ
GENK,NASDAQ
GEOS,NASDAQ
GERN,NASDAQ
GEVO,NASDAQ
GFAI,NASDAQ
GFS,NASDAQ
GGAL,NASDAQ
GGR,NASDAQ
GH,NASDAQ
GHRS,NASDAQ
GIBO,NASDAQ
GIFI,NASDAQ
GIFT,NASDAQ
GIG,NASDAQ
GIGM,NASDAQ
GIII,NASDAQ
GILD,NASDAQ
GILT,NASDAQ
GIPR,NASDAQ
GITS,NASDAQ
GLAD,NASDAQ
GLBE,NASDAQ
GLBS,NASDAQ
GLBZ,NASDAQ
GLDD,NASDAQ
GLE,NASDAQ
GLMD,NASDAQ
GLNG,NASDAQ
GLPG,NASDAQ
GLPI,NASDAQ
GLRE,NASDAQ
GLSI,NASDAQ
GLTO,NASDAQ
GLUE,NASDAQ
GLXG,NASDAQ
GLXY,NASDAQ
GMAB,NASDAQ
GMGI,NASDAQ
GMHS,NASDAQ
GMM,NASDAQ
GNFT,NASDAQ
GNLN,NASDAQ
GNLX,NASDAQ
GNPX,NASDAQ
GNSS,NASDAQ
GNTA,NASDAQ
GNTX,NASDAQ
GO,NASDAQ
GOCO,NASDAQ
GOGO,NASDAQ
GOOD,NASDAQ
GOOG,NASDAQ
GOOGL,NASDAQ
GORV,NASDAQ
GOSS,NASDAQ
GOVX,NASDAQ
GP,NASDAQ
GPAT,NASDAQ
GPCR,NASDAQ
GPRE,NASDAQ
GPRO,NASDAQ
GRAB,NASDAQ
GRAL,NASDAQ
GRAN,NASDAQ
GRCE,NASDAQ
GREE,NASDAQ
GRFS,NASDAQ
GRI,NASDAQ
GRNQ,NASDAQ
GROW,NASDAQ
GRPN,NASDAQ
GRRR,NASDAQ
GRVY,NASDAQ
GRWG,NASDAQ
GRYP,NASDAQ
GSAT,NASDAQ
GSBC,NASDAQ
GSHD,NASDAQ
GSHR,NASDAQ
GSIT,NASDAQ
GSIW,NASDAQ
GSM,NASDAQ
GSRT,NASDAQ
GSUN,NASDAQ
GT,NASDAQ
GTBP,NASDAQ
GTEC,NASDAQ
GTEN,NASDAQ
GTER,NASDAQ
GTI,NASDAQ
GTIM,NASDAQ
GTLB,NASDAQ
GTM,NASDAQ
GTX,NASDAQ
GURE,NASDAQ
GUTS,NASDAQ
GV,NASDAQ
GVH,NASDAQ
GWAV,NASDAQ
GWRS,NASDAQ
GXAI,NASDAQ
GYRE,NASDAQ
GYRO,NASDAQ
HAFC,NASDAQ
HAIN,NASDAQ
HALO,NASDAQ
HAO,NASDAQ
HAS,NASDAQ
HBAN,NASDAQ
HBCP,NASDAQ
HBIO,NASDAQ
HBNB,NASDAQ
HBNC,NASDAQ
HBT,NASDAQ
HCAI,NASDAQ
HCAT,NASDAQ
HCHL,NASDAQ
HCKT,NASDAQ
HCM,NASDAQ
HCMA,NASDAQ
HCSG,NASDAQ
HCTI,NASDAQ
HCWB,NASDAQ
HDL,NASDAQ
HDSN,NASDAQ
HELE,NASDAQ
HEPS,NASDAQ
HFBL,NASDAQ
HFFG,NASDAQ
HFWA,NASDAQ
HGBL,NASDAQ
HHS,NASDAQ
HIFS,NASDAQ
HIHO,NASDAQ
HIMX,NASDAQ
HIT,NASDAQ
HITI,NASDAQ
HIVE,NASDAQ
HKIT,NASDAQ
HKPD,NASDAQ
HLIT,NASDAQ
HLMN,NASDAQ
HLNE,NASDAQ
HLP,NASDAQ
HLVX,NASDAQ
HMR,NASDAQ
HMST,NASDAQ
HNNA,NASDAQ
HNRG,NASDAQ
HNST,NASDAQ
HNVR,NASDAQ
HOFT,NASDAQ
HOLO,NASDAQ
HOLX,NASDAQ
HON,NASDAQ
HOND,NASDAQ
HONE,NASDAQ
HOOD,NASDAQ
HOPE,NASDAQ
HOTH,NASDAQ
HOUR,NASDAQ
HOVR,NASDAQ
HOWL,NASDAQ
HPAI,NASDAQ
HPK,NASDAQ
HQI,NASDAQ
HQY,NASDAQ
HRMY,NASDAQ
HROW,NASDAQ
HRTX,NASDAQ
HRZN,NASDAQ
HSAI,NASDAQ
HSCS,NASDAQ
HSDT,NASDAQ
HSIC,NASDAQ
HSII,NASDAQ
HSON,NASDAQ
HSPO,NASDAQ
HSPT,NASDAQ
HST,NASDAQ
HSTM,NASDAQ
HTBK,NASDAQ
HTCO,NASDAQ
HTCR,NASDAQ
HTFL,NASDAQ
HTHT,NASDAQ
HTLD,NASDAQ
HTLM,NASDAQ
HTO,NASDAQ
HTOO,NASDAQ
HTZ,NASDAQ
HUBC,NASDAQ
HUBG,NASDAQ
HUDI,NASDAQ
HUHU,NASDAQ
HUIZ,NASDAQ
HUMA,NASDAQ
HURA,NASDAQ
HURC,NASDAQ
HURN,NASDAQ
HUT,NASDAQ
HVII,NASDAQ
HVMC,NASDAQ
HWBK,NASDAQ
HWC,NASDAQ
HWH,NASDAQ
HWKN,NASDAQ
HXHX,NASDAQ
HYFM,NASDAQ
HYMC,NASDAQ
HYPD,NASDAQ
HYPR,NASDAQ
IAC,NASDAQ
IART,NASDAQ
IAS,NASDAQ
IBAC,NASDAQ
IBCP,NASDAQ
IBEX,NASDAQ
IBG,NASDAQ
IBIO,NASDAQ
IBKR,NASDAQ
IBOC,NASDAQ
IBRX,NASDAQ
ICCC,NASDAQ
ICCM,NASDAQ
ICFI,NASDAQ
ICG,NASDAQ
ICHR,NASDAQ
ICLR,NASDAQ
ICMB,NASDAQ
ICON,NASDAQ
ICU,NASDAQ
ICUI,NASDAQ
IDAI,NASDAQ
IDCC,NASDAQ
IDN,NASDAQ
IDXX,NASDAQ
IDYA,NASDAQ
IEP,NASDAQ
IESC,NASDAQ
IFBD,NASDAQ
IFRX,NASDAQ
IGIC,NASDAQ
IHRT,NASDAQ
III,NASDAQ
IIIV,NASDAQ
IINN,NASDAQ
IKT,NASDAQ
ILAG,NASDAQ
ILLR,NASDAQ
ILMN,NASDAQ
ILPT,NASDAQ
IMA,NASDAQ
IMAB,NASDAQ
IMCC,NASDAQ
IMCR,NASDAQ
IMDX,NASDAQ
IMG,NASDAQ
IMKTA,NASDAQ
IMMP,NASDAQ
IMMR,NASDAQ
IMMX,NASDAQ
IMNM,NASDAQ
IMNN,NASDAQ
IMOS,NASDAQ
IMPP,NASDAQ
IMRN,NASDAQ
IMRX,NASDAQ
IMTE,NASDAQ
IMTX,NASDAQ
IMUX,NASDAQ
IMVT,NASDAQ
IMXI,NASDAQ
INAB,NASDAQ
INAC,NASDAQ
INBK,NASDAQ
INBS,NASDAQ
INBX,NASDAQ
INCR,NASDAQ
INCY,NASDAQ
INDB,NASDAQ
INDI,NASDAQ
INDP,NASDAQ
INDV,NASDAQ
INEO,NASDAQ
INGN,NASDAQ
INHD,NASDAQ
INKT,NASDAQ
INLF,NASDAQ
INM,NASDAQ
INMB,NASDAQ
INMD,NASDAQ
INNV,NASDAQ
INO,NASDAQ
INOD,NASDAQ
INSE,NASDAQ
INSG,NASDAQ
INSM,NASDAQ
INTA,NASDAQ
INTC,NASDAQ
INTG,NASDAQ
INTJ,NASDAQ
INTR,NASDAQ
INTS,NASDAQ
INTU,NASDAQ
INTZ,NASDAQ
INV,NASDAQ
INVA,NASDAQ
INVE,NASDAQ
INVZ,NASDAQ
IOBT,NASDAQ
IONR,NASDAQ
IONS,NASDAQ
IOSP,NASDAQ
IOTR,NASDAQ
IOVA,NASDAQ
IPA,NASDAQ
IPAR,NASDAQ
IPCX,NASDAQ
IPDN,NASDAQ
IPGP,NASDAQ
IPHA,NASDAQ
IPM,NASDAQ
IPOD,NASDAQ
IPSC,NASDAQ
IPW,NASDAQ
IPWR,NASDAQ
IPX,NASDAQ
IQ,NASDAQ
IQST,NASDAQ
IRBT,NASDAQ
IRD,NASDAQ
IRDM,NASDAQ
IREN,NASDAQ
IRIX,NASDAQ
IRMD,NASDAQ
IROH,NASDAQ
IRON,NASDAQ
IROQ,NASDAQ
IRTC,NASDAQ
IRWD,NASDAQ
ISBA,NASDAQ
ISPC,NASDAQ
ISPO,NASDAQ
ISPR,NASDAQ
ISRG,NASDAQ
ISRL,NASDAQ
ISSC,NASDAQ
ISTR,NASDAQ
ITIC,NASDAQ
ITOS,NASDAQ
ITRI,NASDAQ
ITRM,NASDAQ
ITRN,NASDAQ
IVA,NASDAQ
IVDA,NASDAQ
IVF,NASDAQ
IVP,NASDAQ
IVVD,NASDAQ
IXHL,NASDAQ
IZEA,NASDAQ
IZM,NASDAQ
JACK,NASDAQ
JAGX,NASDAQ
JAKK,NASDAQ
JAMF,NASDAQ
JANX,NASDAQ
JAZZ,NASDAQ
JBDI,NASDAQ
JBHT,NASDAQ
JBIO,NASDAQ
JBLU,NASDAQ
JBS,NASDAQ
JBSS,NASDAQ
JCAP,NASDAQ
JCSE,NASDAQ
JCTC,NASDAQ
JD,NASDAQ
JDZG,NASDAQ
JEM,NASDAQ
JFB,NASDAQ
JFBR,NASDAQ
JFIN,NASDAQ
JFU,NASDAQ
JG,NASDAQ
JJSF,NASDAQ
JKHY,NASDAQ
JL,NASDAQ
JLHL,NASDAQ
JMSB,NASDAQ
JOUT,NASDAQ
JOYY,NASDAQ
JRSH,NASDAQ
JRVR,NASDAQ
JSPR,NASDAQ
JTAI,NASDAQ
JUNS,NASDAQ
JVA,NASDAQ
JWEL,NASDAQ
JXG,NASDAQ
JYD,NASDAQ
JYNT,NASDAQ
JZ,NASDAQ
JZXN,NASDAQ
KALA,NASDAQ
KALU,NASDAQ
KALV,NASDAQ
KARO,NASDAQ
KAVL,NASDAQ
KBSX,NASDAQ
KC,NASDAQ
KCHV,NASDAQ
KDP,NASDAQ
KE,NASDAQ
KELYA,NASDAQ
KELYB,NASDAQ
KEQU,NASDAQ
KFFB,NASDAQ
KFII,NASDAQ
KG,NASDAQ
KGEI,NASDAQ
KHC,NASDAQ
KIDS,NASDAQ
KIDZ,NASDAQ
KINS,NASDAQ
KITT,NASDAQ
KLAC,NASDAQ
KLIC,NASDAQ
KLRS,NASDAQ
KLTO,NASDAQ
KLTR,NASDAQ
KLXE,NASDAQ
KMB,NASDAQ
KMDA,NASDAQ
KMRK,NASDAQ
KMTS,NASDAQ
KNDI,NASDAQ
KNSA,NASDAQ
KOD,NASDAQ
KOPN,NASDAQ
KOSS,NASDAQ
KOYN,NASDAQ
KPLT,NASDAQ
KPRX,NASDAQ
KPTI,NASDAQ
KRKR,NASDAQ
KRMD,NASDAQ
KRNT,NASDAQ
KRNY,NASDAQ
KROS,NASDAQ
KRRO,NASDAQ
KRT,NASDAQ
KRUS,NASDAQ
KRYS,NASDAQ
KSCP,NASDAQ
KSPI,NASDAQ
KTCC,NASDAQ
KTOS,NASDAQ
KTTA,NASDAQ
KURA,NASDAQ
KVAC,NASDAQ
KVHI,NASDAQ
KWM,NASDAQ
KXIN,NASDAQ
KYMR,NASDAQ
KYTX,NASDAQ
KZIA,NASDAQ
KZR,NASDAQ
LAB,NASDAQ
LAES,NASDAQ
LAKE,NASDAQ
LAMR,NASDAQ
LAND,NASDAQ
LARK,NASDAQ
LASE,NASDAQ
LASR,NASDAQ
LAUR,NASDAQ
LAWR,NASDAQ
LAZR,NASDAQ
LBGJ,NASDAQ
LBRDA,NASDAQ
LBRDK,NASDAQ
LBTYA,NASDAQ
LBTYB,NASDAQ
LBTYK,NASDAQ
LCCC,NASDAQ
LCFY,NASDAQ
LCID,NASDAQ
LCNB,NASDAQ
LCUT,NASDAQ
LDWY,NASDAQ
LE,NASDAQ
LECO,NASDAQ
LEDS,NASDAQ
LEE,NASDAQ
LEGH,NASDAQ
LEGN,NASDAQ
LENZ,NASDAQ
LESL,NASDAQ
LEXX,NASDAQ
LFCR,NASDAQ
LFMD,NASDAQ
LFST,NASDAQ
LFUS,NASDAQ
LFVN,NASDAQ
LFWD,NASDAQ
LGCB,NASDAQ
LGCL,NASDAQ
LGHL,NASDAQ
LGIH,NASDAQ
LGO,NASDAQ
LGVN,NASDAQ
LHAI,NASDAQ
LHSW,NASDAQ
LI,NASDAQ
LICN,NASDAQ
LIDR,NASDAQ
LIEN,NASDAQ
LIF,NASDAQ
LILA,NASDAQ
LILAK,NASDAQ
LIMN,NASDAQ
LIN,NASDAQ
LINC,NASDAQ
LIND,NASDAQ
LINE,NASDAQ
LINK,NASDAQ
LIQT,NASDAQ
LITE,NASDAQ
LITM,NASDAQ
LIVE,NASDAQ
LIVN,NASDAQ
LIXT,NASDAQ
LKFN,NASDAQ
LKQ,NASDAQ
LLYVA,NASDAQ
LLYVK,NASDAQ
LMAT,NASDAQ
LMB,NASDAQ
LMFA,NASDAQ
LMNR,NASDAQ
LNKB,NASDAQ
LNKS,NASDAQ
LNSR,NASDAQ
LNT,NASDAQ
LNTH,NASDAQ
LNW,NASDAQ
LNZA,NASDAQ
LOAN,NASDAQ
LOBO,NASDAQ
LOCO,NASDAQ
LOGI,NASDAQ
LOKV,NASDAQ
LOOP,NASDAQ
LOPE,NASDAQ
LOT,NASDAQ
LOVE,NASDAQ
LPAA,NASDAQ
LPBB,NASDAQ
LPCN,NASDAQ
LPLA,NASDAQ
LPRO,NASDAQ
LPSN,NASDAQ
LPTH,NASDAQ
LPTX,NASDAQ
LQDA,NASDAQ
LQDT,NASDAQ
LRCX,NASDAQ
LRE,NASDAQ
LRHC,NASDAQ
LRMR,NASDAQ
LSAK,NASDAQ
LSB,NASDAQ
LSBK,NASDAQ
LSCC,NASDAQ
LSE,NASDAQ
LSH,NASDAQ
LSTA,NASDAQ
LSTR,NASDAQ
LTBR,NASDAQ
LTRN,NASDAQ
LTRX,NASDAQ
LUCD,NASDAQ
LUCY,NASDAQ
LULU,NASDAQ
LUNG,NASDAQ
LUNR,NASDAQ
LVLU,NASDAQ
LVO,NASDAQ
LVRO,NASDAQ
LVTX,NASDAQ
LWAC,NASDAQ
LWAY,NASDAQ
LWLG,NASDAQ
LX,NASDAQ
LXEH,NASDAQ
LXEO,NASDAQ
LXRX,NASDAQ
LYEL,NASDAQ
LYFT,NASDAQ
LYRA,NASDAQ
LYTS,NASDAQ
LZ,NASDAQ
LZMH,NASDAQ
MAAS,NASDAQ
MACI,NASDAQ
MAGH,NASDAQ
MAMA,NASDAQ
MAMK,NASDAQ
MAMO,NASDAQ
MANH,NASDAQ
MAPS,NASDAQ
MAR,NASDAQ
MARA,NASDAQ
MARPS,NASDAQ
MASI,NASDAQ
MASK,NASDAQ
MASS,NASDAQ
MAT,NASDAQ
MATH,NASDAQ
MATW,NASDAQ
MAXN,NASDAQ
MAYA,NASDAQ
MAYS,NASDAQ
MAZE,NASDAQ
MB,NASDAQ
MBAV,NASDAQ
MBBC,NASDAQ
MBCN,NASDAQ
MBIN,NASDAQ
MBIO,NASDAQ
MBLY,NASDAQ
MBOT,NASDAQ
MBRX,NASDAQ
MBUU,NASDAQ
MBVI,NASDAQ
MBWM,NASDAQ
MBX,NASDAQ
MCBS,NASDAQ
MCFT,NASDAQ
MCHP,NASDAQ
MCHX,NASDAQ
MCRB,NASDAQ
MCRI,NASDAQ
MCTR,NASDAQ
MCW,NASDAQ
MDAI,NASDAQ
MDB,NASDAQ
MDBH,NASDAQ
MDCX,NASDAQ
MDGL,NASDAQ
MDIA,NASDAQ
MDLZ,NASDAQ
MDRR,NASDAQ
MDWD,NASDAQ
MDXG,NASDAQ
MDXH,NASDAQ
MEDP,NASDAQ
MEGL,NASDAQ
MEIP,NASDAQ
MELI,NASDAQ
MEOH,NASDAQ
MERC,NASDAQ
MESA,NASDAQ
MESO,NASDAQ
META,NASDAQ
METC,NASDAQ
METCB,NASDAQ
MFH,NASDAQ
MFI,NASDAQ
MFIC,NASDAQ
MFIN,NASDAQ
MGEE,NASDAQ
MGIC,NASDAQ
MGIH,NASDAQ
MGNI,NASDAQ
MGNX,NASDAQ
MGPI,NASDAQ
MGRC,NASDAQ
MGRM,NASDAQ
MGRT,NASDAQ
MGRX,NASDAQ
MGTX,NASDAQ
MGX,NASDAQ
MGYR,NASDAQ
MHUA,NASDAQ
MIDD,NASDAQ
MIGI,NASDAQ
MIMI,NASDAQ
MIND,NASDAQ
MIRA,NASDAQ
MIRM,NASDAQ
MIST,NASDAQ
MITK,NASDAQ
MJID,NASDAQ
MKDW,NASDAQ
MKLY,NASDAQ
MKSI,NASDAQ
MKTW,NASDAQ
MKTX,NASDAQ
MKZR,NASDAQ
MLAB,NASDAQ
MLAC,NASDAQ
MLCO,NASDAQ
MLEC,NASDAQ
MLGO,NASDAQ
MLKN,NASDAQ
MLTX,NASDAQ
MLYS,NASDAQ
MMLP,NASDAQ
MMSI,NASDAQ
MMYT,NASDAQ
MNDO,NASDAQ
MNDR,NASDAQ
MNDY,NASDAQ
MNKD,NASDAQ
MNMD,NASDAQ
MNOV,NASDAQ
MNPR,NASDAQ
MNRO,NASDAQ
MNSB,NASDAQ
MNST,NASDAQ
MNTK,NASDAQ
MNTS,NASDAQ
MNY,NASDAQ
MOB,NASDAQ
MOBX,NASDAQ
MODD,NASDAQ
MOFG,NASDAQ
MOGO,NASDAQ
MOLN,NASDAQ
MOMO,NASDAQ
MORN,NASDAQ
MOVE,NASDAQ
MPAA,NASDAQ
MPB,NASDAQ
MPWR,NASDAQ
MQ,NASDAQ
MRAM,NASDAQ
MRBK,NASDAQ
MRCC,NASDAQ
MRCY,NASDAQ
MREO,NASDAQ
MRKR,NASDAQ
MRM,NASDAQ
MRNA,NASDAQ
MRNO,NASDAQ
MRSN,NASDAQ
MRTN,NASDAQ
MRUS,NASDAQ
MRVI,NASDAQ
MRVL,NASDAQ
MRX,NASDAQ
MSAI,NASDAQ
MSBI,NASDAQ
MSEX,NASDAQ
MSFT,NASDAQ
MSGM,NASDAQ
MSGY,NASDAQ
MSPR,NASDAQ
MSS,NASDAQ
MSTR,NASDAQ
MSW,NASDAQ
MTC,NASDAQ
MTCH,NASDAQ
MTEK,NASDAQ
MTEN,NASDAQ
MTEX,NASDAQ
MTLS,NASDAQ
MTRX,NASDAQ
MTSI,NASDAQ
MTSR,NASDAQ
MTVA,NASDAQ
MU,NASDAQ
MURA,NASDAQ
MVBF,NASDAQ
MVIS,NASDAQ
MVST,NASDAQ
MWYN,NASDAQ
MXCT,NASDAQ
MXL,NASDAQ
MYFW,NASDAQ
MYGN,NASDAQ
MYNZ,NASDAQ
MYPS,NASDAQ
MYRG,NASDAQ
MYSE,NASDAQ
MYSZ,NASDAQ
MZTI,NASDAQ
NA,NASDAQ
NAAS,NASDAQ
NAGE,NASDAQ
NAII,NASDAQ
NAKA,NASDAQ
NAMI,NASDAQ
NAMM,NASDAQ
NAMS,NASDAQ
NAOV,NASDAQ
NATH,NASDAQ
NATR,NASDAQ
NAUT,NASDAQ
NAVI,NASDAQ
NB,NASDAQ
NBBK,NASDAQ
NBIS,NASDAQ
NBIX,NASDAQ
NBN,NASDAQ
NBTB,NASDAQ
NBTX,NASDAQ
NCEW,NASDAQ
NCI,NASDAQ
NCMI,NASDAQ
NCNA,NASDAQ
NCNO,NASDAQ
NCPL,NASDAQ
NCRA,NASDAQ
NCSM,NASDAQ
NCT,NASDAQ
NCTY,NASDAQ
NDLS,NASDAQ
NDRA,NASDAQ
NDSN,NASDAQ
NECB,NASDAQ
NEGG,NASDAQ
NEO,NASDAQ
NEOG,NASDAQ
NEON,NASDAQ
NEOV,NASDAQ
NEPH,NASDAQ
NERV,NASDAQ
NESR,NASDAQ
NETD,NASDAQ
NEUP,NASDAQ
NEWT,NASDAQ
NEXM,NASDAQ
NEXN,NASDAQ
NFBK,NASDAQ
NFE,NASDAQ
NFLX,NASDAQ
NGNE,NASDAQ
NHIC,NASDAQ
NHTC,NASDAQ
NICE,NASDAQ
NIPG,NASDAQ
NISN,NASDAQ
NITO,NASDAQ
NIU,NASDAQ
NIVF,NASDAQ
NIXX,NASDAQ
NKSH,NASDAQ
NKTR,NASDAQ
NKTX,NASDAQ
NLSP,NASDAQ
NMFC,NASDAQ
NMIH,NASDAQ
NMP,NASDAQ
NMRA,NASDAQ
NMRK,NASDAQ
NMTC,NASDAQ
NNBR,NASDAQ
NNDM,NASDAQ
NNE,NASDAQ
NNNN,NASDAQ
NNOX,NASDAQ
NODK,NASDAQ
NOEM,NASDAQ
NOTV,NASDAQ
NOVT,NASDAQ
NPAC,NASDAQ
NPCE,NASDAQ
NRC,NASDAQ
NRDS,NASDAQ
NRIM,NASDAQ
NRIX,NASDAQ
NRSN,NASDAQ
NRXP,NASDAQ
NSIT,NASDAQ
NSPR,NASDAQ
NSSC,NASDAQ
NSTS,NASDAQ
NSYS,NASDAQ
NTAP,NASDAQ
NTCL,NASDAQ
NTCT,NASDAQ
NTES,NASDAQ
NTGR,NASDAQ
NTHI,NASDAQ
NTIC,NASDAQ
NTLA,NASDAQ
NTNX,NASDAQ
NTRA,NASDAQ
NTRB,NASDAQ
NTRS,NASDAQ
NTWK,NASDAQ
NTWO,NASDAQ
NUAI,NASDAQ
NUKK,NASDAQ
NUTR,NASDAQ
NUTX,NASDAQ
NUVL,NASDAQ
NUWE,NASDAQ
NVA,NASDAQ
NVAX,NASDAQ
NVCR,NASDAQ
NVCT,NASDAQ
NVDA,NASDAQ
NVEC,NASDAQ
NVFY,NASDAQ
NVMI,NASDAQ
NVNI,NASDAQ
NVNO,NASDAQ
NVTS,NASDAQ
NVVE,NASDAQ
NVX,NASDAQ
NWBI,NASDAQ
NWE,NASDAQ
NWFL,NASDAQ
NWGL,NASDAQ
NWL,NASDAQ
NWPX,NASDAQ
NWS,NASDAQ
NWSA,NASDAQ
NWTG,NASDAQ
NXGL,NASDAQ
NXL,NASDAQ
NXPI,NASDAQ
NXST,NASDAQ
NYAX,NASDAQ
NYMT,NASDAQ
NYXH,NASDAQ
OABI,NASDAQ
OACC,NASDAQ
OAKU,NASDAQ
OBA,NASDAQ
OBIO,NASDAQ
OBLG,NASDAQ
OBT,NASDAQ
OCC,NASDAQ
OCFC,NASDAQ
OCG,NASDAQ
OCGN,NASDAQ
OCS,NASDAQ
OCSL,NASDAQ
OCTO,NASDAQ
OCUL,NASDAQ
ODD,NASDAQ
ODFL,NASDAQ
ODP,NASDAQ
ODYS,NASDAQ
OESX,NASDAQ
OFAL,NASDAQ
OFIX,NASDAQ
OFLX,NASDAQ
OFS,NASDAQ
OGI,NASDAQ
OKTA,NASDAQ
OKUR,NASDAQ
OKYO,NASDAQ
OLB,NASDAQ
OLED,NASDAQ
OLLI,NASDAQ
OLMA,NASDAQ
OLPX,NASDAQ
OM,NASDAQ
OMAB,NASDAQ
OMCL,NASDAQ
OMDA,NASDAQ
OMER,NASDAQ
OMEX,NASDAQ
OMH,NASDAQ
OMSE,NASDAQ
ON,NASDAQ
ONB,NASDAQ
ONC,NASDAQ
ONCH,NASDAQ
ONCO,NASDAQ
ONCY,NASDAQ
ONDS,NASDAQ
ONEG,NASDAQ
ONEW,NASDAQ
ONFO,NASDAQ
ONMD,NASDAQ
OP,NASDAQ
OPAL,NASDAQ
OPBK,NASDAQ
OPCH,NASDAQ
OPEN,NASDAQ
OPI,NASDAQ
OPK,NASDAQ
OPOF,NASDAQ
OPRA,NASDAQ
OPRT,NASDAQ
OPRX,NASDAQ
OPT,NASDAQ
OPTX,NASDAQ
OPXS,NASDAQ
ORGN,NASDAQ
ORGO,NASDAQ
ORIC,NASDAQ
ORIQ,NASDAQ
ORIS,NASDAQ
ORKA,NASDAQ
ORKT,NASDAQ
ORLY,NASDAQ
ORMP,NASDAQ
ORRF,NASDAQ
OS,NASDAQ
OSBC,NASDAQ
OSIS,NASDAQ
OSPN,NASDAQ
OSRH,NASDAQ
OSS,NASDAQ
OST,NASDAQ
OSUR,NASDAQ
OSW,NASDAQ
OTEX,NASDAQ
OTLK,NASDAQ
OTLY,NASDAQ
OTTR,NASDAQ
OUST,NASDAQ
OVBC,NASDAQ
OVID,NASDAQ
OVLY,NASDAQ
OXBR,NASDAQ
OXSQ,NASDAQ
OYSE,NASDAQ
OZK,NASDAQ
PAA,NASDAQ
PACB,NASDAQ
PACH,NASDAQ
PAGP,NASDAQ
PAHC,NASDAQ
PAL,NASDAQ
PALI,NASDAQ
PAMT,NASDAQ
PANL,NASDAQ
PANW,NASDAQ
PASG,NASDAQ
PATK,NASDAQ
PAVM,NASDAQ
PAVS,NASDAQ
PAX,NASDAQ
PAYO,NASDAQ
PAYS,NASDAQ
PAYX,NASDAQ
PBBK,NASDAQ
PBFS,NASDAQ
PBM,NASDAQ
PBPB,NASDAQ
PBYI,NASDAQ
PC,NASDAQ
PCAP,NASDAQ
PCAR,NASDAQ
PCB,NASDAQ
PCH,NASDAQ
PCLA,NASDAQ
PCRX,NASDAQ
PCSA,NASDAQ
PCSC,NASDAQ
PCT,NASDAQ
PCTY,NASDAQ
PCVX,NASDAQ
PCYO,NASDAQ
PDD,NASDAQ
PDEX,NASDAQ
PDFS,NASDAQ
PDLB,NASDAQ
PDSB,NASDAQ
PDYN,NASDAQ
PEBK,NASDAQ
PEBO,NASDAQ
PECO,NASDAQ
PEGA,NASDAQ
PELI,NASDAQ
PENG,NASDAQ
PENN,NASDAQ
PEP,NASDAQ
PEPG,NASDAQ
PERI,NASDAQ
PESI,NASDAQ
PETS,NASDAQ
PETZ,NASDAQ
PFAI,NASDAQ
PFBC,NASDAQ
PFG,NASDAQ
PFIS,NASDAQ
PFSA,NASDAQ
PFX,NASDAQ
PGAC,NASDAQ
PGC,NASDAQ
PGEN,NASDAQ
PGNY,NASDAQ
PGY,NASDAQ
PHAR,NASDAQ
PHAT,NASDAQ
PHH,NASDAQ
PHIO,NASDAQ
PHLT,NASDAQ
PHOE,NASDAQ
PHUN,NASDAQ
PHVS,NASDAQ
PI,NASDAQ
PIII,NASDAQ
PINC,NASDAQ
PKBK,NASDAQ
PKOH,NASDAQ
PLAB,NASDAQ
PLAY,NASDAQ
PLBC,NASDAQ
PLBL,NASDAQ
PLBY,NASDAQ
PLCE,NASDAQ
PLL,NASDAQ
PLMK,NASDAQ
PLMR,NASDAQ
PLPC,NASDAQ
PLRX,NASDAQ
PLRZ,NASDAQ
PLSE,NASDAQ
PLTK,NASDAQ
PLTR,NASDAQ
PLUG,NASDAQ
PLUR,NASDAQ
PLUS,NASDAQ
PLUT,NASDAQ
PLXS,NASDAQ
PMAX,NASDAQ
PMCB,NASDAQ
PMEC,NASDAQ
PMN,NASDAQ
PMTR,NASDAQ
PMTS,NASDAQ
PMVP,NASDAQ
PN,NASDAQ
PNBK,NASDAQ
PNFP,NASDAQ
PNRG,NASDAQ
PNTG,NASDAQ
POAI,NASDAQ
POCI,NASDAQ
PODC,NASDAQ
PODD,NASDAQ
POET,NASDAQ
POLA,NASDAQ
POLE,NASDAQ
PONY,NASDAQ
POOL,NASDAQ
POWI,NASDAQ
POWL,NASDAQ
POWW,NASDAQ
PPBI,NASDAQ
PPBT,NASDAQ
PPC,NASDAQ
PPCB,NASDAQ
PPIH,NASDAQ
PPSI,NASDAQ
PPTA,NASDAQ
PRAA,NASDAQ
PRAX,NASDAQ
PRCH,NASDAQ
PRCT,NASDAQ
PRDO,NASDAQ
PRE,NASDAQ
PRFX,NASDAQ
PRGS,NASDAQ
PRLD,NASDAQ
PRME,NASDAQ
PROF,NASDAQ
PROK,NASDAQ
PROP,NASDAQ
PROV,NASDAQ
PRPH,NASDAQ
PRPL,NASDAQ
PRPO,NASDAQ
PRQR,NASDAQ
PRSO,NASDAQ
PRTA,NASDAQ
PRTC,NASDAQ
PRTG,NASDAQ
PRTH,NASDAQ
PRTS,NASDAQ
PRVA,NASDAQ
PRZO,NASDAQ
PSEC,NASDAQ
PSHG,NASDAQ
PSIG,NASDAQ
PSIX,NASDAQ
PSKY,NASDAQ
PSMT,NASDAQ
PSNL,NASDAQ
PSNY,NASDAQ
PSTV,NASDAQ
PT,NASDAQ
PTC,NASDAQ
PTCT,NASDAQ
PTEN,NASDAQ
PTGX,NASDAQ
PTHL,NASDAQ
PTIX,NASDAQ
PTLE,NASDAQ
PTLO,NASDAQ
PTNM,NASDAQ
PTON,NASDAQ
PUBM,NASDAQ
PULM,NASDAQ
PVBC,NASDAQ
PVLA,NASDAQ
PWM,NASDAQ
PWP,NASDAQ
PXLW,NASDAQ
PXS,NASDAQ
PYPD,NASDAQ
PYPL,NASDAQ
PYXS,NASDAQ
PZZA,NASDAQ
QCOM,NASDAQ
QCRH,NASDAQ
QDEL,NASDAQ
QETA,NASDAQ
QFIN,NASDAQ
QH,NASDAQ
QIPT,NASDAQ
QLGN,NASDAQ
QLYS,NASDAQ
QMCO,NASDAQ
QMMM,NASDAQ
QNCX,NASDAQ
QNRX,NASDAQ
QNST,NASDAQ
QNTM,NASDAQ
QRHC,NASDAQ
QRVO,NASDAQ
QSEA,NASDAQ
QSG,NASDAQ
QSI,NASDAQ
QTRX,NASDAQ
QTTB,NASDAQ
QUBT,NASDAQ
QUIK,NASDAQ
QUMS,NASDAQ
QURE,NASDAQ
QVCGA,NASDAQ
RAAQ,NASDAQ
RADX,NASDAQ
RAIL,NASDAQ
RAIN,NASDAQ
RAND,NASDAQ
RANG,NASDAQ
RANI,NASDAQ
RAPP,NASDAQ
RAPT,NASDAQ
RARE,NASDAQ
RAVE,NASDAQ
RAY,NASDAQ
RAYA,NASDAQ
RBB,NASDAQ
RBBN,NASDAQ
RBCAA,NASDAQ
RBKB,NASDAQ
RBNE,NASDAQ
RCAT,NASDAQ
RCEL,NASDAQ
RCKT,NASDAQ
RCKY,NASDAQ
RCMT,NASDAQ
RCON,NASDAQ
RCT,NASDAQ
RDAC,NASDAQ
RDAG,NASDAQ
RDCM,NASDAQ
RDGT,NASDAQ
RDHL,NASDAQ
RDI,NASDAQ
RDIB,NASDAQ
RDNT,NASDAQ
RDNW,NASDAQ
RDVT,NASDAQ
RDWR,NASDAQ
RDZN,NASDAQ
REAL,NASDAQ
REAX,NASDAQ
REBN,NASDAQ
RECT,NASDAQ
REE,NASDAQ
REFI,NASDAQ
REFR,NASDAQ
REG,NASDAQ
REGN,NASDAQ
REKR,NASDAQ
RELI,NASDAQ
RELL,NASDAQ
RELY,NASDAQ
RENB,NASDAQ
RENT,NASDAQ
REPL,NASDAQ
RETO,NASDAQ
REVB,NASDAQ
REYN,NASDAQ
RFAI,NASDAQ
RFIL,NASDAQ
RGC,NASDAQ
RGCO,NASDAQ
RGEN,NASDAQ
RGLD,NASDAQ
RGNX,NASDAQ
RGP,NASDAQ
RGS,NASDAQ
RGTI,NASDAQ
RHLD,NASDAQ
RIBB,NASDAQ
RICK,NASDAQ
RIGL,NASDAQ
RILY,NASDAQ
RIME,NASDAQ
RIOT,NASDAQ
RITR,NASDAQ
RIVN,NASDAQ
RKDA,NASDAQ
RKLB,NASDAQ
RLAY,NASDAQ
RLMD,NASDAQ
RLYB,NASDAQ
RMBI,NASDAQ
RMBS,NASDAQ
RMCF,NASDAQ
RMCO,NASDAQ
RMNI,NASDAQ
RMR,NASDAQ
RMSG,NASDAQ
RMTI,NASDAQ
RNA,NASDAQ
RNAC,NASDAQ
RNAZ,NASDAQ
RNTX,NASDAQ
RNW,NASDAQ
RNXT,NASDAQ
ROAD,NASDAQ
ROCK,NASDAQ
ROIV,NASDAQ
ROKU,NASDAQ
ROMA,NASDAQ
ROOT,NASDAQ
ROP,NASDAQ
ROST,NASDAQ
RPAY,NASDAQ
RPD,NASDAQ
RPID,NASDAQ
RPRX,NASDAQ
RPTX,NASDAQ
RR,NASDAQ
RRBI,NASDAQ
RRGB,NASDAQ
RRR,NASDAQ
RSSS,NASDAQ
RSVR,NASDAQ
RTAC,NASDAQ
RUBI,NASDAQ
RUM,NASDAQ
RUN,NASDAQ
RUSHA,NASDAQ
RUSHB,NASDAQ
RVMD,NASDAQ
RVPH,NASDAQ
RVSB,NASDAQ
RVSN,NASDAQ
RVYL,NASDAQ
RWAY,NASDAQ
RXRX,NASDAQ
RXST,NASDAQ
RXT,NASDAQ
RYAAY,NASDAQ
RYET,NASDAQ
RYOJ,NASDAQ
RYTM,NASDAQ
RZLT,NASDAQ
RZLV,NASDAQ
SABR,NASDAQ
SABS,NASDAQ
SAFT,NASDAQ
SAFX,NASDAQ
SAGT,NASDAQ
SAIA,NASDAQ
SAIC,NASDAQ
SAIH,NASDAQ
SAIL,NASDAQ
SAMG,NASDAQ
SANA,NASDAQ
SANG,NASDAQ
SANM,NASDAQ
SATL,NASDAQ
SATS,NASDAQ
SAVA,NASDAQ
SBAC,NASDAQ
SBC,NASDAQ
SBCF,NASDAQ
SBET,NASDAQ
SBFG,NASDAQ
SBFM,NASDAQ
SBGI,NASDAQ
SBLK,NASDAQ
SBLX,NASDAQ
SBRA,NASDAQ
SBUX,NASDAQ
SCHL,NASDAQ
SCKT,NASDAQ
SCLX,NASDAQ
SCNI,NASDAQ
SCNX,NASDAQ
SCOR,NASDAQ
SCPH,NASDAQ
SCSC,NASDAQ
SCVL,NASDAQ
SCWO,NASDAQ
SCYX,NASDAQ
SDA,NASDAQ
SDGR,NASDAQ
SDHI,NASDAQ
SDM,NASDAQ
SDOT,NASDAQ
SDST,NASDAQ
SEAT,NASDAQ
SEDG,NASDAQ
SEED,NASDAQ
SEER,NASDAQ
SEIC,NASDAQ
SELF,NASDAQ
SELX,NASDAQ
SENEA,NASDAQ
SENEB,NASDAQ
SEPN,NASDAQ
SERA,NASDAQ
SERV,NASDAQ
SEVN,NASDAQ
SEZL,NASDAQ
SFBC,NASDAQ
SFD,NASDAQ
SFHG,NASDAQ
SFIX,NASDAQ
SFM,NASDAQ
SFNC,NASDAQ
SFST,NASDAQ
SFWL,NASDAQ
SGA,NASDAQ
SGBX,NASDAQ
SGC,NASDAQ
SGD,NASDAQ
SGHT,NASDAQ
SGLY,NASDAQ
SGML,NASDAQ
SGMO,NASDAQ
SGMT,NASDAQ
SGRP,NASDAQ
SGRY,NASDAQ
SHBI,NASDAQ
SHC,NASDAQ
SHEN,NASDAQ
SHFS,NASDAQ
SHIM,NASDAQ
SHIP,NASDAQ
SHLS,NASDAQ
SHMD,NASDAQ
SHOO,NASDAQ
SHOP,NASDAQ
SHOT,NASDAQ
SHPH,NASDAQ
SIBN,NASDAQ
SIDU,NASDAQ
SIEB,NASDAQ
SIFY,NASDAQ
SIGA,NASDAQ
SIGI,NASDAQ
SILC,NASDAQ
SILO,NASDAQ
SIMA,NASDAQ
SIMO,NASDAQ
SINT,NASDAQ
SION,NASDAQ
SIRI,NASDAQ
SISI,NASDAQ
SITM,NASDAQ
SJ,NASDAQ
SKBL,NASDAQ
SKIN,NASDAQ
SKK,NASDAQ
SKWD,NASDAQ
SKYE,NASDAQ
SKYQ,NASDAQ
SKYT,NASDAQ
SKYW,NASDAQ
SKYX,NASDAQ
SLAB,NASDAQ
SLDB,NASDAQ
SLDE,NASDAQ
SLDP,NASDAQ
SLE,NASDAQ
SLGL,NASDAQ
SLM,NASDAQ
SLN,NASDAQ
SLNG,NASDAQ
SLNH,NASDAQ
SLNO,NASDAQ
SLP,NASDAQ
SLRC,NASDAQ
SLRX,NASDAQ
SLS,NASDAQ
SLSN,NASDAQ
SLXN,NASDAQ
SMBC,NASDAQ
SMCI,NASDAQ
SMID,NASDAQ
SMLR,NASDAQ
SMMT,NASDAQ
SMPL,NASDAQ
SMSI,NASDAQ
SMTC,NASDAQ
SMTI,NASDAQ
SMTK,NASDAQ
SMX,NASDAQ
SMXT,NASDAQ
SNAL,NASDAQ
SNBR,NASDAQ
SNCR,NASDAQ
SNCY,NASDAQ
SND,NASDAQ
SNDK,NASDAQ
SNDL,NASDAQ
SNDX,NASDAQ
SNES,NASDAQ
SNEX,NASDAQ
SNFCA,NASDAQ
SNGX,NASDAQ
SNOA,NASDAQ
SNPS,NASDAQ
SNSE,NASDAQ
SNT,NASDAQ
SNTG,NASDAQ
SNTI,NASDAQ
SNWV,NASDAQ
SNY,NASDAQ
SNYR,NASDAQ
SOBR,NASDAQ
SOCA,NASDAQ
SOFI,NASDAQ
SOGP,NASDAQ
SOHO,NASDAQ
SOHU,NASDAQ
SOND,NASDAQ
SONM,NASDAQ
SONN,NASDAQ
SONO,NASDAQ
SOPA,NASDAQ
SOPH,NASDAQ
SORA,NASDAQ
SOTK,NASDAQ
SOUN,NASDAQ
SOWG,NASDAQ
SPAI,NASDAQ
SPCB,NASDAQ
SPEG,NASDAQ
SPFI,NASDAQ
SPHL,NASDAQ
SPKL,NASDAQ
SPNS,NASDAQ
SPOK,NASDAQ
SPPL,NASDAQ
SPRC,NASDAQ
SPRO,NASDAQ
SPRY,NASDAQ
SPSC,NASDAQ
SPT,NASDAQ
SPTN,NASDAQ
SPWH,NASDAQ
SPWR,NASDAQ
SQFT,NASDAQ
SRAD,NASDAQ
SRBK,NASDAQ
SRCE,NASDAQ
SRDX,NASDAQ
SRPT,NASDAQ
SRRK,NASDAQ
SRTA,NASDAQ
SRTS,NASDAQ
SRZN,NASDAQ
SSBI,NASDAQ
SSEA,NASDAQ
SSII,NASDAQ
SSKN,NASDAQ
SSNC,NASDAQ
SSP,NASDAQ
SSRM,NASDAQ
SSSS,NASDAQ
SSTI,NASDAQ
SSYS,NASDAQ
STAA,NASDAQ
STAI,NASDAQ
STAK,NASDAQ
STBA,NASDAQ
STEC,NASDAQ
STEP,NASDAQ
STFS,NASDAQ
STGW,NASDAQ
STHO,NASDAQ
STI,NASDAQ
STIM,NASDAQ
STKH,NASDAQ
STKL,NASDAQ
STKS,NASDAQ
STLD,NASDAQ
STNE,NASDAQ
STOK,NASDAQ
STRA,NASDAQ
STRL,NASDAQ
STRO,NASDAQ
STRS,NASDAQ
STRT,NASDAQ
STRZ,NASDAQ
STSS,NASDAQ
STTK,NASDAQ
STX,NASDAQ
SUGP,NASDAQ
SUIG,NASDAQ
SUNE,NASDAQ
SUNS,NASDAQ
SUPN,NASDAQ
SUPX,NASDAQ
SURG,NASDAQ
SUUN,NASDAQ
SVC,NASDAQ
SVCC,NASDAQ
SVCO,NASDAQ
SVII,NASDAQ
SVRA,NASDAQ
SVRE,NASDAQ
SWAG,NASDAQ
SWBI,NASDAQ
SWIM,NASDAQ
SWIN,NASDAQ
SWKH,NASDAQ
SWKS,NASDAQ
SWVL,NASDAQ
SXTC,NASDAQ
SXTP,NASDAQ
SY,NASDAQ
SYBT,NASDAQ
SYBX,NASDAQ
SYM,NASDAQ
SYNA,NASDAQ
SYPR,NASDAQ
SYRE,NASDAQ
SYTA,NASDAQ
SZZL,NASDAQ
TACH,NASDAQ
TACO,NASDAQ
TACT,NASDAQ
TAIT,NASDAQ
TALK,NASDAQ
TANH,NASDAQ
TAOP,NASDAQ
TAOX,NASDAQ
TARA,NASDAQ
TARS,NASDAQ
TASK,NASDAQ
TATT,NASDAQ
TAVI,NASDAQ
TAYD,NASDAQ
TBBK,NASDAQ
TBCH,NASDAQ
TBH,NASDAQ
TBHC,NASDAQ
TBLA,NASDAQ
TBLD,NASDAQ
TBMC,NASDAQ
TBPH,NASDAQ
TBRG,NASDAQ
TC,NASDAQ
TCBI,NASDAQ
TCBK,NASDAQ
TCBS,NASDAQ
TCBX,NASDAQ
TCMD,NASDAQ
TCOM,NASDAQ
TCPC,NASDAQ
TCRT,NASDAQ
TCRX,NASDAQ
TCX,NASDAQ
TDAC,NASDAQ
TDIC,NASDAQ
TDTH,NASDAQ
TDUP,NASDAQ
TEAD,NASDAQ
TEAM,NASDAQ
TECH,NASDAQ
TECX,NASDAQ
TELA,NASDAQ
TELO,NASDAQ
TEM,NASDAQ
TENB,NASDAQ
TENX,NASDAQ
TER,NASDAQ
TERN,NASDAQ
TFSL,NASDAQ
TGHL,NASDAQ
TGL,NASDAQ
TGTX,NASDAQ
TH,NASDAQ
THAR,NASDAQ
THCH,NASDAQ
THFF,NASDAQ
THH,NASDAQ
THRM,NASDAQ
THRY,NASDAQ
THTX,NASDAQ
TIGO,NASDAQ
TIGR,NASDAQ
TIL,NASDAQ
TILE,NASDAQ
TIPT,NASDAQ
TIRX,NASDAQ
TITN,NASDAQ
TIVC,NASDAQ
TKLF,NASDAQ
TKNO,NASDAQ
TLF,NASDAQ
TLIH,NASDAQ
TLN,NASDAQ
TLPH,NASDAQ
TLRY,NASDAQ
TLS,NASDAQ
TLSA,NASDAQ
TLSI,NASDAQ
TLX,NASDAQ
TMC,NASDAQ
TMCI,NASDAQ
TMDX,NASDAQ
TMUS,NASDAQ
TNDM,NASDAQ
TNFA,NASDAQ
TNGX,NASDAQ
TNMG,NASDAQ
TNON,NASDAQ
TNXP,NASDAQ
TNYA,NASDAQ
TOI,NASDAQ
TOMZ,NASDAQ
TOP,NASDAQ
TORO,NASDAQ
TOUR,NASDAQ
TOWN,NASDAQ
TOYO,NASDAQ
TPCS,NASDAQ
TPG,NASDAQ
TPST,NASDAQ
TRAW,NASDAQ
TRDA,NASDAQ
TREE,NASDAQ
TRI,NASDAQ
TRIB,NASDAQ
TRIN,NASDAQ
TRIP,NASDAQ
TRMB,NASDAQ
TRMD,NASDAQ
TRMK,NASDAQ
TRML,NASDAQ
TRNR,NASDAQ
TRNS,NASDAQ
TRON,NASDAQ
TROO,NASDAQ
TROW,NASDAQ
TRS,NASDAQ
TRSG,NASDAQ
TRST,NASDAQ
TRUE,NASDAQ
TRUG,NASDAQ
TRUP,NASDAQ
TRVG,NASDAQ
TRVI,NASDAQ
TSAT,NASDAQ
TSBK,NASDAQ
TSCO,NASDAQ
TSEM,NASDAQ
TSHA,NASDAQ
TSLA,NASDAQ
TSSI,NASDAQ
TTAN,NASDAQ
TTD,NASDAQ
TTEC,NASDAQ
TTEK,NASDAQ
TTGT,NASDAQ
TTMI,NASDAQ
TTNP,NASDAQ
TTSH,NASDAQ
TTWO,NASDAQ
TURB,NASDAQ
TURN,NASDAQ
TUSK,NASDAQ
TVA,NASDAQ
TVAI,NASDAQ
TVGN,NASDAQ
TVRD,NASDAQ
TVTX,NASDAQ
TW,NASDAQ
TWFG,NASDAQ
TWG,NASDAQ
TWIN,NASDAQ
TWNP,NASDAQ
TWST,NASDAQ
TXG,NASDAQ
TXMD,NASDAQ
TXN,NASDAQ
TXRH,NASDAQ
TYGO,NASDAQ
TYRA,NASDAQ
TZOO,NASDAQ
TZUP,NASDAQ
UAL,NASDAQ
UBCP,NASDAQ
UBFO,NASDAQ
UBSI,NASDAQ
UBXG,NASDAQ
UCAR,NASDAQ
UCL,NASDAQ
UCTT,NASDAQ
UDMY,NASDAQ
UEIC,NASDAQ
UFCS,NASDAQ
UFG,NASDAQ
UFPI,NASDAQ
UFPT,NASDAQ
UG,NASDAQ
UGRO,NASDAQ
UHG,NASDAQ
UK,NASDAQ
ULBI,NASDAQ
ULCC,NASDAQ
ULH,NASDAQ
ULTA,NASDAQ
ULY,NASDAQ
UMBF,NASDAQ
UNB,NASDAQ
UNCY,NASDAQ
UNIT,NASDAQ
UNTY,NASDAQ
UOKA,NASDAQ
UONE,NASDAQ
UONEK,NASDAQ
UPB,NASDAQ
UPBD,NASDAQ
UPC,NASDAQ
UPLD,NASDAQ
UPST,NASDAQ
UPWK,NASDAQ
UPXI,NASDAQ
URBN,NASDAQ
URGN,NASDAQ
UROY,NASDAQ
USAR,NASDAQ
USAU,NASDAQ
USCB,NASDAQ
USEA,NASDAQ
USEG,NASDAQ
USGO,NASDAQ
USIO,NASDAQ
USLM,NASDAQ
UTHR,NASDAQ
UTMD,NASDAQ
UTSI,NASDAQ
UVSP,NASDAQ
UXIN,NASDAQ
UYSC,NASDAQ
VABK,NASDAQ
VACH,NASDAQ
VALN,NASDAQ
VALU,NASDAQ
VANI,NASDAQ
VBIX,NASDAQ
VBNK,NASDAQ
VBTX,NASDAQ
VC,NASDAQ
VCEL,NASDAQ
VCIC,NASDAQ
VCIG,NASDAQ
VCTR,NASDAQ
VCYT,NASDAQ
VECO,NASDAQ
VEEA,NASDAQ
VEEE,NASDAQ
VELO,NASDAQ
VEON,NASDAQ
VERA,NASDAQ
VERB,NASDAQ
VERI,NASDAQ
VERO,NASDAQ
VERU,NASDAQ
VERX,NASDAQ
VFF,NASDAQ
VFS,NASDAQ
VGAS,NASDAQ
VIAV,NASDAQ
VICR,NASDAQ
VINP,NASDAQ
VIOT,NASDAQ
VIR,NASDAQ
VIRC,NASDAQ
VITL,NASDAQ
VIVK,NASDAQ
VIVS,NASDAQ
VKTX,NASDAQ
VLGEA,NASDAQ
VLY,NASDAQ
VMAR,NASDAQ
VMD,NASDAQ
VMEO,NASDAQ
VNDA,NASDAQ
VNET,NASDAQ
VNME,NASDAQ
VNOM,NASDAQ
VOD,NASDAQ
VOR,NASDAQ
VOXR,NASDAQ
VRA,NASDAQ
VRAR,NASDAQ
VRAX,NASDAQ
VRCA,NASDAQ
VRDN,NASDAQ
VREX,NASDAQ
VRME,NASDAQ
VRNA,NASDAQ
VRNS,NASDAQ
VRNT,NASDAQ
VRRM,NASDAQ
VRSK,NASDAQ
VRSN,NASDAQ
VRTX,NASDAQ
VS,NASDAQ
VSA,NASDAQ
VSAT,NASDAQ
VSEC,NASDAQ
VSEE,NASDAQ
VSME,NASDAQ
VSTA,NASDAQ
VSTM,NASDAQ
VTGN,NASDAQ
VTRS,NASDAQ
VTSI,NASDAQ
VTVT,NASDAQ
VTYX,NASDAQ
VUZI,NASDAQ
VVOS,NASDAQ
VVPR,NASDAQ
VWAV,NASDAQ
VXRT,NASDAQ
VYGR,NASDAQ
VYNE,NASDAQ
WABC,NASDAQ
WAFD,NASDAQ
WAFU,NASDAQ
WAI,NASDAQ
WALD,NASDAQ
WASH,NASDAQ
WATT,NASDAQ
WAVE,NASDAQ
WAY,NASDAQ
WB,NASDAQ
WBD,NASDAQ
WBTN,NASDAQ
WBUY,NASDAQ
WCT,NASDAQ
WDAY,NASDAQ
WDC,NASDAQ
WDFC,NASDAQ
WEN,NASDAQ
WENN,NASDAQ
WERN,NASDAQ
WEST,NASDAQ
WETH,NASDAQ
WETO,NASDAQ
WEYS,NASDAQ
WFCF,NASDAQ
WFF,NASDAQ
WFRD,NASDAQ
WGRX,NASDAQ
WGS,NASDAQ
WHF,NASDAQ
WHLR,NASDAQ
WHWK,NASDAQ
WILC,NASDAQ
WIMI,NASDAQ
WINA,NASDAQ
WING,NASDAQ
WIX,NASDAQ
WKEY,NASDAQ
WKHS,NASDAQ
WKSP,NASDAQ
WLAC,NASDAQ
WLDN,NASDAQ
WLDS,NASDAQ
WLFC,NASDAQ
WMG,NASDAQ
WNEB,NASDAQ
WNW,NASDAQ
WOK,NASDAQ
WOOF,NASDAQ
WORX,NASDAQ
WPRT,NASDAQ
WRAP,NASDAQ
WRD,NASDAQ
WRLD,NASDAQ
WSBC,NASDAQ
WSBF,NASDAQ
WSBK,NASDAQ
WSC,NASDAQ
WSFS,NASDAQ
WTBA,NASDAQ
WTF,NASDAQ
WTFC,NASDAQ
WTG,NASDAQ
WTO,NASDAQ
WTW,NASDAQ
WULF,NASDAQ
WVE,NASDAQ
WVVI,NASDAQ
WWD,NASDAQ
WXM,NASDAQ
WYFI,NASDAQ
WYHG,NASDAQ
WYNN,NASDAQ
XAGE,NASDAQ
XAIR,NASDAQ
XBIO,NASDAQ
XBIT,NASDAQ
XBP,NASDAQ
XCH,NASDAQ
XCUR,NASDAQ
XEL,NASDAQ
XELB,NASDAQ
XENE,NASDAQ
XERS,NASDAQ
XFOR,NASDAQ
XGN,NASDAQ
XHLD,NASDAQ
XLO,NASDAQ
XMTR,NASDAQ
XNCR,NASDAQ
XNET,NASDAQ
XOMA,NASDAQ
XOS,NASDAQ
XP,NASDAQ
XPEL,NASDAQ
XPON,NASDAQ
XRAY,NASDAQ
XRTX,NASDAQ
XRX,NASDAQ
XTIA,NASDAQ
XTKG,NASDAQ
XTLB,NASDAQ
XWEL,NASDAQ
XXII,NASDAQ
YAAS,NASDAQ
YB,NASDAQ
YGMZ,NASDAQ
YHC,NASDAQ
YHGJ,NASDAQ
YHNA,NASDAQ
YI,NASDAQ
YIBO,NASDAQ
YJ,NASDAQ
YMAB,NASDAQ
YMAT,NASDAQ
YMT,NASDAQ
YORK,NASDAQ
YORW,NASDAQ
YOSH,NASDAQ
YQ,NASDAQ
YSXT,NASDAQ
YTRA,NASDAQ
YXT,NASDAQ
YYAI,NASDAQ
YYGH,NASDAQ
ZBAI,NASDAQ
ZBAO,NASDAQ
ZBIO,NASDAQ
ZBRA,NASDAQ
ZCMD,NASDAQ
ZD,NASDAQ
ZDAI,NASDAQ
ZENA,NASDAQ
ZENV,NASDAQ
ZEO,NASDAQ
ZEUS,NASDAQ
ZG,NASDAQ
ZIMV,NASDAQ
ZION,NASDAQ
ZJK,NASDAQ
ZJYL,NASDAQ
ZKIN,NASDAQ
ZLAB,NASDAQ
ZM,NASDAQ
ZNTL,NASDAQ
ZOOZ,NASDAQ
ZS,NASDAQ
ZSPC,NASDAQ
ZTEK,NASDAQ
ZUMZ,NASDAQ
ZURA,NASDAQ
ZVRA,NASDAQ
ZYBT,NASDAQ
ZYME,NASDAQ
ZYXI,NASDAQ
